TYPE,ROCAUC,PRAUC,AP,P@1,P@5,P@10
train,0.964127598646209,0.8055816864565821,0.8056191325574001,0.9754385964912281,0.9033613445378151,0.7535014005602241
valid,0.9070045645736705,0.6212609306836525,0.621615543966919,0.8904109589041096,0.779291553133515,0.603542234332425
test,0.894759761226554,0.5895536362458911,0.5906105773995652,0.8888888888888888,0.7264150943396226,0.5738993710691824