TYPE,ROCAUC,PRAUC,AP,P@1,P@5,P@10
train,0.9454508245730437,0.7306088239990346,0.7306757067426792,0.9368421052631579,0.8417366946778712,0.6971288515406162
valid,0.9030445423059634,0.611436356644471,0.6123597486939468,0.9041095890410958,0.7629427792915532,0.6103542234332425
test,0.8947129844561567,0.5779381134238022,0.5790250845509173,0.9047619047619048,0.7169811320754716,0.5833333333333334