TYPE,ROCAUC,PRAUC,AP,P@1,P@5,P@10
train,0.8733167480984405,0.5234605597429247,0.5236615119619884,0.8280701754385965,0.657563025210084,0.5252100840336135
valid,0.7753819700488619,0.3395231291285046,0.340118040588109,0.6438356164383562,0.4604904632152589,0.3692098092643052
test,0.7649017610291098,0.32174688451060396,0.322561810186459,0.6349206349206349,0.4308176100628931,0.3490566037735849