TYPE,ROCAUC,PRAUC,AP,P@1,P@5,P@10
train,0.7621216804774106,0.21621541933121685,0.21652322849841132,0.4276729559748428,0.2929736511919699,0.21856381310755724
valid,0.6771475142011911,0.14399278672098792,0.14499417967919145,0.3125,0.1975,0.1575
test,0.7024711268567602,0.15401786458075303,0.15525211093445512,0.2571428571428571,0.22946175637393768,0.18838526912181303