TYPE,ROCAUC,PRAUC,AP,P@1,P@5,P@10
train,0.8627371961147815,0.3607565542472207,0.3611312629540139,0.6918238993710691,0.40087829360100374,0.3029162746942615
valid,0.7248811737075093,0.14690699165884044,0.1479944782537933,0.2875,0.2025,0.16375
test,0.7627555179540058,0.18492729512512526,0.18636441264036446,0.3142857142857143,0.24929178470254956,0.22096317280453256