TYPE,ROCAUC,PRAUC,AP,P@1,P@5,P@10
valid,0.693557511066839,0.14056503368019369,0.14222887642167342,0.275,0.2,0.16625
test,0.7142794193833892,0.15637286015869878,0.15742873161160692,0.18571428571428572,0.24079320113314448,0.19688385269121814
