TYPE,ROCAUC,PRAUC,AP,P@1,P@5,P@10
valid,0.6768896278708304,0.13615357482201246,0.13780715203162114,0.2125,0.2075,0.15625
test,0.6991354581146643,0.15031623980612438,0.15132712991246033,0.21428571428571427,0.24645892351274787,0.18271954674220964
