TYPE,ROCAUC,PRAUC,AP,P@1,P@5,P@10
valid,0.6768896278708304,0.13615357482201246,0.13780715203162114,0.5,0.45,0.3
test,0.6991354581146643,0.15031623980612438,0.15132712991246033,0.0,0.1,0.22
