TYPE,ROCAUC,PRAUC,AP,P@1,P@5,P@10
train,0.8188298001637804,0.31096568587408197,0.311175732856555,0.6132075471698113,0.3657465495608532,0.27438068359987455
valid,0.6935580477709605,0.1405231496662378,0.14218645409533073,0.275,0.2,0.16625
test,0.714306172718271,0.1564108252657616,0.15746762939971182,0.18571428571428572,0.24079320113314448,0.19688385269121814
