TYPE,ROCAUC,PRAUC,AP,P@10,P@20,P@50
valid,0.693557511066839,0.14056503368019369,0.14222887642167342,0.5,0.4,0.28
test,0.7142794193833892,0.15637286015869878,0.15742873161160692,0.1,0.15,0.2
