TYPE,ROCAUC,PRAUC,AP,P@10,P@20,P@50
valid,0.7690635321873033,0.19653772368257955,0.1980661188152693,0.4,0.55,0.46
test,0.7740394951601065,0.22497122161647146,0.22689902038072704,0.3,0.4,0.5
