TYPE,ROCAUC,PRAUC,AP,P@10,P@20,P@50
valid,0.7127978171169972,0.13355773762851575,0.13491611595038835,0.3,0.35,0.26
test,0.7306719745283071,0.15513025748804057,0.15608581550926956,0.0,0.15,0.14
