TYPE,ROCAUC,PRAUC,AP,P@1,P@5,P@10
valid,0.7127978171169972,0.13355773762851575,0.13491611595038835,0.175,0.175,0.1575
test,0.7306719745283071,0.15513025748804057,0.15608581550926956,0.15714285714285714,0.20113314447592068,0.1954674220963173
