TYPE,ROCAUC,PRAUC,AP,P@10,P@20,P@50
valid,0.8065587820589617,0.2526708254677117,0.25407426214806583,0.6,0.6,0.44
test,0.8221089443574434,0.26312399121014785,0.2647944312002457,0.2,0.3,0.38
