TYPE,ROCAUC,PRAUC,AP,P@1,P@5,P@10
valid,0.9005032440557549,0.5877535776181041,0.5887710948658029,0.863013698630137,0.7356948228882834,0.5912806539509536
test,0.892635165483809,0.5676993128467028,0.5688065806009087,0.873015873015873,0.6949685534591195,0.5723270440251572
