TYPE,ROCAUC,PRAUC,AP,P@1,P@5,P@10
train,0.9817736442724464,0.8419983564696996,0.842046383950647,0.9543859649122807,0.8816526610644257,0.7909663865546218
valid,0.9002702677867905,0.5971515814960221,0.5981075310102231,0.8904109589041096,0.7465940054495913,0.603542234332425
test,0.8919534134379066,0.5752026544705614,0.5762927385902287,0.8888888888888888,0.6981132075471698,0.5864779874213837
