TYPE,ROCAUC,PRAUC,AP,P@10,P@20,P@50
valid,0.9005032440557549,0.5877535776181041,0.5887710948658029,0.8,0.85,0.88
test,0.892635165483809,0.5676993128467028,0.5688065806009087,0.9,0.9,0.88
