TYPE,ROCAUC,PRAUC,AP,P@1,P@5,P@10
valid,0.9002771594430622,0.5970734348432023,0.5980296817694386,0.8904109589041096,0.7465940054495913,0.603542234332425
test,0.8919671105032715,0.5752393547508081,0.5763292171475208,0.8888888888888888,0.6981132075471698,0.5849056603773585
