TYPE,ROCAUC,PRAUC,AP,P@1,P@5,P@10
valid,0.9002771594430622,0.5970734348432023,0.5980296817694386,0.9,0.9,0.9
test,0.8919671105032715,0.5752393547508081,0.5763292171475208,0.9,0.9,0.92
