TYPE,ROCAUC,PRAUC,AP,P@10,P@20,P@50
valid,0.775367612431629,0.3040225963756075,0.3047176831396682,0.9,0.65,0.62
test,0.7544361693494823,0.2885377181853999,0.2895055868412384,0.5,0.55,0.46
