TYPE,ROCAUC,PRAUC,AP,P@1,P@5,P@10
valid,0.775367612431629,0.3040225963756075,0.3047176831396682,0.547945205479452,0.4032697547683924,0.3242506811989101
test,0.7544361693494823,0.2885377181853999,0.2895055868412384,0.5079365079365079,0.39308176100628933,0.330188679245283
